,Tempo Original (s),Tempo Otimizado (s),Ganho (x mais rápido)
Inserção (Total),1.2358360999933211,0.00941860000602901,131.2122926127281
Busca (1 item),0.0006646999972872436,0.0013927999971201643,0.47724009094027614
Remoção (1 item),0.0014306999946711585,0.000869700001203455,1.6450500088437563
