N,LL_Insert,HashTable_Insert,AVL_Insert,Cuckoo_Insert,Bloom_Insert,KDTree_Build,LL_Search,HashTable_Search,AVL_Search,Cuckoo_Search,Bloom_Search,KDTree_Search
500,0.00010889998520724475,0.0001480999926570803,0.0013323999883141369,0.00350399999297224,0.0045971000217832625,0.0008053999918047339,0.0009413000079803169,0.00013849997776560485,0.00019799999427050352,0.0008697000157553703,0.004573100013658404,0.0029334000137168914
1000,0.00014600000577047467,0.00025419998564757407,0.0026027999992948025,0.002101199992466718,0.0067934000107925385,0.002203699987148866,0.0014045000134501606,0.00014750001719221473,0.00027970000519417226,0.0012588999816216528,0.00827920000301674,0.006897899991599843
2500,0.0004876999882981181,0.0008168000204022974,0.014104000001680106,0.016071899997768924,0.021517999994102865,0.003927999990992248,0.004181700001936406,0.0004926999972667545,0.0007730999786872417,0.0037240000092424452,0.0201140999852214,0.019979000004241243
5000,0.0007307000050786883,0.0012320000096224248,0.02134989999467507,0.009456100000534207,0.03567899999325164,0.007708899996941909,0.009705300006316975,0.0011713999847415835,0.0015832000062800944,0.008221700001740828,0.03629970000474714,0.040958199999295175
